{
	"class_name" : "PinholeCameraParameters",
	"extrinsic" : 
	[
		-0.50759645231354,
		0.49863178466089142,
		-0.70264655761243344,
		0.0,
		0.86157808464849173,
		0.28865491778325425,
		-0.41756621330392535,
		0.0,
		-0.0053894018355231665,
		-0.81734000377164784,
		-0.57613043018262633,
		0.0,
		-1248458.2272331391,
		-613699.08419954299,
		882516.86499923188,
		1.0
	],
	"intrinsic" : 
	{
		"height" : 1055,
		"intrinsic_matrix" : 
		[
			913.65680099258282,
			0.0,
			0.0,
			0.0,
			913.65680099258282,
			0.0,
			959.5,
			527.0,
			1.0
		],
		"width" : 1920
	},
	"version_major" : 1,
	"version_minor" : 0
}