{
	"class_name" : "PinholeCameraParameters",
	"extrinsic" : 
	[
		-0.97473439790730776,
		0.22060284698367713,
		-0.035031948832095941,
		0.0,
		-0.2219558218452492,
		-0.97419169072618628,
		0.041062913548049466,
		0.0,
		-0.02506923782802847,
		0.047800979307446402,
		0.99854223730995517,
		0.0,
		644631.01154945372,
		1514268.9094898473,
		-56248.791153557497,
		1.0
	],
	"intrinsic" : 
	{
		"height" : 1055,
		"intrinsic_matrix" : 
		[
			913.65680099258282,
			0.0,
			0.0,
			0.0,
			913.65680099258282,
			0.0,
			959.5,
			527.0,
			1.0
		],
		"width" : 1920
	},
	"version_major" : 1,
	"version_minor" : 0
}