{
	"class_name" : "PinholeCameraParameters",
	"extrinsic" : 
	[
		0.99701384768885248,
		0.062788564143568121,
		-0.044955352623005547,
		0.0,
		-0.063302379969198588,
		0.99794331297371475,
		-0.010097166992861376,
		0.0,
		0.044228906915104137,
		0.012912796127700405,
		0.99893796778842059,
		0.0,
		-188860.14166033172,
		-1635601.9768461031,
		29546.53773812225,
		1.0
	],
	"intrinsic" : 
	{
		"height" : 1055,
		"intrinsic_matrix" : 
		[
			913.65680099258282,
			0.0,
			0.0,
			0.0,
			913.65680099258282,
			0.0,
			959.5,
			527.0,
			1.0
		],
		"width" : 1920
	},
	"version_major" : 1,
	"version_minor" : 0
}