{
	"class_name" : "PinholeCameraParameters",
	"extrinsic" : 
	[
		0.99994524715959221,
		0.010364370862947857,
		-0.0014430868156570689,
		0.0,
		-0.0099983401401235374,
		0.98698143031792662,
		0.16052317403422597,
		0.0,
		0.0030880215971783947,
		-0.16049995646166162,
		0.98703101678641303,
		0.0,
		-276099.87402956747,
		-1602509.9996495985,
		-259667.06829417785,
		1.0
	],
	"intrinsic" : 
	{
		"height" : 1055,
		"intrinsic_matrix" : 
		[
			913.65680099258282,
			0.0,
			0.0,
			0.0,
			913.65680099258282,
			0.0,
			959.5,
			527.0,
			1.0
		],
		"width" : 1920
	},
	"version_major" : 1,
	"version_minor" : 0
}