{
	"class_name" : "PinholeCameraParameters",
	"extrinsic" : 
	[
		0.94024957841049439,
		0.34038496092106463,
		0.0082950996168264148,
		0.0,
		-0.34046996875595176,
		0.94016275120387183,
		0.013198546286922921,
		0.0,
		-0.0033061570151765836,
		-0.015234159889279071,
		0.99987848746648156,
		0.0,
		276906.28378972015,
		-1623110.1593718736,
		-23750.432598486659,
		1.0
	],
	"intrinsic" : 
	{
		"height" : 1055,
		"intrinsic_matrix" : 
		[
			913.65680099258282,
			0.0,
			0.0,
			0.0,
			913.65680099258282,
			0.0,
			959.5,
			527.0,
			1.0
		],
		"width" : 1920
	},
	"version_major" : 1,
	"version_minor" : 0
}