{
	"class_name" : "PinholeCameraParameters",
	"extrinsic" : 
	[
		0.89617578332659553,
		0.33348999190018025,
		-0.29266600533950077,
		0.0,
		0.44084729372970999,
		-0.5945819667961435,
		0.67240311448715095,
		0.0,
		0.050225780134844959,
		-0.73161240425736873,
		-0.67986812026053911,
		0.0,
		-976647.62803627329,
		866560.31732939265,
		-1004407.7137556074,
		1.0
	],
	"intrinsic" : 
	{
		"height" : 800,
		"intrinsic_matrix" : 
		[
			692.82032302755101,
			0.0,
			0.0,
			0.0,
			692.82032302755101,
			0.0,
			639.5,
			399.5,
			1.0
		],
		"width" : 1280
	},
	"version_major" : 1,
	"version_minor" : 0
}