{
	"class_name" : "PinholeCameraParameters",
	"extrinsic" : 
	[
		-0.50437200542484795,
		-0.84377673765324068,
		0.18343853776938929,
		0.0,
		0.84778148827044109,
		-0.5242279639072368,
		-0.080321790341282812,
		0.0,
		0.16393726937360284,
		0.11500373408253936,
		0.97974420787131966,
		0.0,
		-1226463.2912112866,
		1096203.7039365501,
		76611.795335279516,
		1.0
	],
	"intrinsic" : 
	{
		"height" : 1055,
		"intrinsic_matrix" : 
		[
			913.65680099258282,
			0.0,
			0.0,
			0.0,
			913.65680099258282,
			0.0,
			959.5,
			527.0,
			1.0
		],
		"width" : 1920
	},
	"version_major" : 1,
	"version_minor" : 0
}