{
	"class_name" : "PinholeCameraParameters",
	"extrinsic" : 
	[
		0.74739052912702175,
		-0.20098763721579707,
		0.63325458281613856,
		0.0,
		-0.65171217564797024,
		-0.40706144229853319,
		0.63997829830864361,
		0.0,
		0.12914579777685242,
		-0.89101344090886148,
		-0.43521995707496142,
		0.0,
		838117.44880341087,
		718777.56124073395,
		-1222498.4083050147,
		1.0
	],
	"intrinsic" : 
	{
		"height" : 800,
		"intrinsic_matrix" : 
		[
			692.82032302755101,
			0.0,
			0.0,
			0.0,
			692.82032302755101,
			0.0,
			639.5,
			399.5,
			1.0
		],
		"width" : 1280
	},
	"version_major" : 1,
	"version_minor" : 0
}