{
	"class_name" : "PinholeCameraParameters",
	"extrinsic" : 
	[
		0.98386588773279837,
		0.17493575762813329,
		-0.037488607053662019,
		0.0,
		-0.15969615487502034,
		0.95318420065824083,
		0.25678204324610432,
		0.0,
		0.080653909228793064,
		-0.24665230653407985,
		0.96574198759685914,
		0.0,
		-28803.454690035956,
		-1595844.8215360937,
		-405130.01708505698,
		1.0
	],
	"intrinsic" : 
	{
		"height" : 1055,
		"intrinsic_matrix" : 
		[
			913.65680099258282,
			0.0,
			0.0,
			0.0,
			913.65680099258282,
			0.0,
			959.5,
			527.0,
			1.0
		],
		"width" : 1920
	},
	"version_major" : 1,
	"version_minor" : 0
}