{
	"class_name" : "PinholeCameraParameters",
	"extrinsic" : 
	[
		0.99436441167947531,
		0.10400030688267205,
		-0.020575542608667497,
		0.0,
		0.10527861346835145,
		-0.94581912528110079,
		0.30715239832805313,
		0.0,
		0.012483201973552337,
		-0.30758757845661389,
		-0.95143788617422842,
		0.0,
		-461279.07039231545,
		1502417.8854473715,
		-491473.8620664319,
		1.0
	],
	"intrinsic" : 
	{
		"height" : 1058,
		"intrinsic_matrix" : 
		[
			916.25487720393619,
			0.0,
			0.0,
			0.0,
			916.25487720393619,
			0.0,
			959.5,
			528.5,
			1.0
		],
		"width" : 1920
	},
	"version_major" : 1,
	"version_minor" : 0
}