{
	"class_name" : "PinholeCameraParameters",
	"extrinsic" : 
	[
		0.57010078894245986,
		-0.27880197324623029,
		0.77282245707613428,
		0.0,
		-0.82080362619496783,
		-0.23402877658560861,
		0.52106807516392228,
		0.0,
		0.035587886596095158,
		-0.93139679591667679,
		-0.36226166079751237,
		0.0,
		1163523.2063730243,
		460823.45748881879,
		-1070235.6839028897,
		1.0
	],
	"intrinsic" : 
	{
		"height" : 1055,
		"intrinsic_matrix" : 
		[
			913.65680099258282,
			0.0,
			0.0,
			0.0,
			913.65680099258282,
			0.0,
			959.5,
			527.0,
			1.0
		],
		"width" : 1920
	},
	"version_major" : 1,
	"version_minor" : 0
}