{
	"class_name" : "PinholeCameraParameters",
	"extrinsic" : 
	[
		0.99693255573776207,
		-0.017903386928941972,
		-0.076190209650890781,
		0.0,
		0.0051739617915866308,
		-0.95627925398808933,
		0.29240933383078377,
		0.0,
		-0.078094234291356646,
		-0.29190658973112643,
		-0.95325328923743591,
		0.0,
		-299794.97496629518,
		1554967.1766609678,
		-451411.10707985685,
		1.0
	],
	"intrinsic" : 
	{
		"height" : 800,
		"intrinsic_matrix" : 
		[
			692.82032302755101,
			0.0,
			0.0,
			0.0,
			692.82032302755101,
			0.0,
			639.5,
			399.5,
			1.0
		],
		"width" : 1280
	},
	"version_major" : 1,
	"version_minor" : 0
}