{
	"class_name" : "PinholeCameraParameters",
	"extrinsic" : 
	[
		0.99825751058545886,
		-0.00029983854937281105,
		-0.059007225460675709,
		0.0,
		-9.0818829098285574e-06,
		0.99998629745879375,
		-0.0052349605702709792,
		0.0,
		0.059007986554720782,
		0.0052263746036042089,
		0.99824382919768695,
		0.0,
		-291795.81001321442,
		-1620470.7391930141,
		25801.151239446826,
		1.0
	],
	"intrinsic" : 
	{
		"height" : 1055,
		"intrinsic_matrix" : 
		[
			913.65680099258282,
			0.0,
			0.0,
			0.0,
			913.65680099258282,
			0.0,
			959.5,
			527.0,
			1.0
		],
		"width" : 1920
	},
	"version_major" : 1,
	"version_minor" : 0
}