{
	"class_name" : "PinholeCameraParameters",
	"extrinsic" : 
	[
		0.85898316070155956,
		0.18308848840583367,
		-0.4781490719895059,
		0.0,
		0.51149068411454357,
		-0.26505700068282867,
		0.81738734174995598,
		0.0,
		0.022917453942245647,
		-0.94669075827446936,
		-0.32132755640080912,
		0.0,
		-1080009.2582423789,
		376041.3924322094,
		-1184785.0179688749,
		1.0
	],
	"intrinsic" : 
	{
		"height" : 700,
		"intrinsic_matrix" : 
		[
			606.21778264910711,
			0.0,
			0.0,
			0.0,
			606.21778264910711,
			0.0,
			449.5,
			349.5,
			1.0
		],
		"width" : 900
	},
	"version_major" : 1,
	"version_minor" : 0
}