{
	"class_name" : "PinholeCameraParameters",
	"extrinsic" : 
	[
		0.97854533421455847,
		-0.10806445920396242,
		0.1754169363085373,
		0.0,
		-0.20188960301160519,
		-0.67279553576293549,
		0.71174908166662298,
		0.0,
		0.041104952046374585,
		-0.73189359862921333,
		-0.68017802316955633,
		0.0,
		41144.088523285216,
		1121920.3511214419,
		-1204534.2292841664,
		1.0
	],
	"intrinsic" : 
	{
		"height" : 1055,
		"intrinsic_matrix" : 
		[
			913.65680099258282,
			0.0,
			0.0,
			0.0,
			913.65680099258282,
			0.0,
			959.5,
			527.0,
			1.0
		],
		"width" : 1920
	},
	"version_major" : 1,
	"version_minor" : 0
}