{
	"class_name" : "PinholeCameraParameters",
	"extrinsic" : 
	[
		0.99800584057451225,
		-0.062150960624889333,
		0.011027251360363484,
		0.0,
		0.061234091055388275,
		0.99567630442147304,
		0.069850432398223181,
		0.0,
		-0.015320844356026835,
		-0.069035895786190724,
		0.99749652471636052,
		0.0,
		-390970.5434159764,
		-1595404.603673432,
		-116353.16559338471,
		1.0
	],
	"intrinsic" : 
	{
		"height" : 1055,
		"intrinsic_matrix" : 
		[
			913.65680099258282,
			0.0,
			0.0,
			0.0,
			913.65680099258282,
			0.0,
			959.5,
			527.0,
			1.0
		],
		"width" : 1920
	},
	"version_major" : 1,
	"version_minor" : 0
}